id,name,segment,access_lat,access_lon,parking_lat,parking_lon,parking_fee,parking_info,walk_to_water,amenities,cautions,note
broderick-boat,Broderick Boat Ramp,sacramento-river,38.5906,-121.5072,38.591072646547,-121.509083116422,Free,Free in boat ramp area - in hogher flows you may have to park outside of the area and walk in,"~600 ft, across paved parking lot and down ramp to waterline","Picnic table, boat ramp, shade",Swift water at the ramp; no lifeguard,"Popular fishing boat put-in, unhoused folks are nice and abundant"
tiscornia-beach,Tiscornia Beach,river,38.598,-121.508138978863,38.5978038484615,-121.506493971232,"$8 per day, self pay","Sac Regional Parks controlled, if you have a pass you can park for free.",~500 ft. across beach to waterline.,,,Sandy beach at the confluence; life jackets on site.
discovery-park-boat,Discovery Park Boat Ramp,river,38.600591142573,-121.509125905679,38.6000918221108,-121.508000657608,"$8 per day, self pay","Sac Regional Parks controlled, if you have a pass you can park for free.","~600 ft, across paved parking lot and down ramp to waterline",,,"To get to this take the paddler must turn upriver at confluence and go upstream a bit to enter the cover where the boat ramp is located. Also, shuttle drivers must drive across the bridge to the boat ramp - farther than Tiscornia."
sutters-landing,Sutter's Landing,river,38.5882638194109,-121.462105745545,38.587091687173,-121.462220016262,Free,"Park at the end of the road to the skate park - City of Sacramento managed lot. If full, park near bocce courts or dog park after (boat drop off).",~750 ft. across bike path and down steep levee to trails to waterline.,,,River access near downtown; parking.
paradise-beach,Paradise Beach,river,38.5824960477403,-121.426942092983,38.5794902072951,-121.426086616019,Free,City of Sacramento managed,1200-1500 ft. across levee and and trails and down steep beach access to waterline.,,,Glen Hall Park / River Park; popular beach.
howe-ave,Howe Avenue Access,river,38.5599261290767,-121.405051905417,38.5597098867802,-121.405735427814,"$8 per day, self pay","Sac Regional Parks controlled, if you have a pass you can park for free.","~200 ft, across paved parking lot and down ramp to waterline",,,River access off Howe Ave.
watt-ave,Watt Avenue Access,river,38.5653700408336,-121.385721702884,38.5650014320365,-121.385170206556,"$8 per day, self pay","Sac Regional Parks controlled, if you have a pass you can park for free.","~200 ft, across paved parking lot and down ramp to waterline",,,River access at the Watt Ave bridge.
gristmill,Gristmill Boat Ramp,river,38.5793431957826,-121.341394817302,38.5783891980191,-121.342039649663,"$8 per day, self pay","Sac Regional Parks controlled, if you have a pass you can park for free.","~200 ft, across paved parking lot and down ramp to waterline",,,
ashton,Ashton Access,river,38.572452018105,-121.361056573485,38.5736140820595,-121.361996973753,Free,Street parking - do not block driveways,,,,
river-bend,River Bend Park,river,38.5966108960662,-121.331165637029,38.5956990802476,-121.330190321712,"$8 per day, self pay","Sac Regional Parks controlled, if you have a pass you can park for free.","~1000 ft, across paved parking lot and down trail to waterline",,,Formerly Goethe Park; beaches and parking (Rancho Cordova).
rossmoor-bar,Rossmoor Bar,river,38.6248599810182,-121.302987782391,38.6244471346906,-121.301190459193,"$8 per day, self pay","Sac Regional Parks controlled, if you have a pass you can park for free.","~1000 ft, across paved parking lot and down trail to waterline",,,"Gravel-bar access, Rancho Cordova."
sacramento-bar,Sacramento Bar,river,38.6327801137756,-121.27168996249,38.6333456558685,-121.2728276406,"$8 per day, self pay","Sac Regional Parks controlled, if you have a pass you can park for free.","~200 ft, across paved parking lot and down ramp to waterline",,,Gravel-bar access and rafting take-out.
lower-sunrise,Lower Sunrise,river,38.6322318054135,-121.270927364117,38.6319034112998,-121.269842765959,"$8 per day, self pay","Sac Regional Parks controlled, if you have a pass you can park for free.","~200 ft, across paved parking lot and down ramp to waterline",,,"Sunrise Recreation Area; sandy beaches, parking, popular put-in."
upper-sunrise,Upper Sunrise (Redbridge),river,38.6363401515425,-121.264305827498,38.6358751387706,-121.263841488261,"$8 per day, self pay","Sac Regional Parks controlled, if you have a pass you can park for free.","~200 ft, across paved parking lot and down ramp to waterline",,,
sailor-bar,Sailor Bar,river,38.6338397913946,-121.234207202343,38.6342431639134,-121.233753851883,Free,,,,,Fair Oaks; uppermost Lower American River access below Nimbus Dam.
nimbus-flat,Nimbus Flat,lake-natoma,38.63605,-121.21655,38.63605,-121.21655,$12/vehicle day-use (state park),Lake Natoma / Folsom Lake SRA day-use lot (CSUS Aquatic Center). Approximate — refine as needed.,short walk to the launch beach,"Boat & kayak rentals, restrooms, swim beach",Flatwater — watch for wind and rowing shells; no downstream current.,Lake Natoma. No shuttle — flatwater paddle (out-and-back or arrange a pickup). Coords approximate.
black-miners-bar,Black Miners Bar (Negro Bar),lake-natoma,38.6797,-121.1835,38.6797,-121.1835,$12/vehicle day-use (state park),"Negro Bar unit, Folsom Lake SRA. Approximate — refine as needed.",short walk to the launch,"Boat launch, restrooms, picnic",Flatwater — no downstream current; watch for wind.,Lake Natoma. No shuttle — flatwater paddle. Coords approximate.
willow-creek,Willow Creek,lake-natoma,38.6495,-121.1911,38.6495,-121.1911,$12/vehicle day-use (state park),"Willow Creek day-use, Lake Natoma. Approximate — refine as needed.",short walk to the water,"Non-motorized launch, restrooms",Flatwater — no downstream current.,Lake Natoma. No shuttle — flatwater paddle. Coords approximate.
granite-bay,Granite Bay,folsom-lake,38.745,-121.1431,38.745,-121.1431,$12/vehicle day-use (state park),"Granite Bay, Folsom Lake SRA (multi-lane boat ramp + swim beach). Approximate — refine as needed.",short walk to the beach/ramp,"Boat ramps, swim beach, restrooms","Large open reservoir — wind, waves, and motorboats. Levels drop late season.",Folsom Lake. No shuttle — flatwater paddle (out-and-back or arrange a pickup). Coords approximate.
beals-point,Beal's Point,folsom-lake,38.7217,-121.1698,38.7217,-121.1698,$12/vehicle day-use (state park),"Beal's Point, Folsom Lake SRA. Approximate — refine as needed.",short walk to the swim beach,"Swim beach, campground, restrooms","Open reservoir — wind, waves, motorboats.",Folsom Lake. No shuttle — flatwater paddle. Coords approximate.
browns-ravine,Browns Ravine (Folsom Lake Marina),folsom-lake,38.7174,-121.1031,38.7174,-121.1031,$12/vehicle day-use (state park),Browns Ravine / Folsom Lake Marina. Approximate — refine as needed.,short walk to the marina launch,"Marina, boat launch, restrooms","Open reservoir — wind, waves, motorboats.",Folsom Lake. No shuttle — flatwater paddle. Coords approximate.
folsom-point,Folsom Point,folsom-lake,38.6986,-121.1322,38.6986,-121.1322,$12/vehicle day-use (state park),"Folsom Point, Folsom Lake SRA. Approximate — refine as needed.",short walk to the launch,"Boat launch, restrooms","Open reservoir — wind, waves, motorboats.",Folsom Lake. No shuttle — flatwater paddle. Coords approximate.
discovery-park-sac,Discovery Park (Sacramento River),sacramento-river,38.600591142573,-121.509125905679,38.6000918221108,-121.508000657608,"$8 per day, self pay","Sac Regional Parks controlled, if you have a pass you can park for free.","~600 ft, across paved parking lot and down ramp to waterline",,,"To get to this take the paddler must turn upriver at confluence and go upstream a bit to enter the cover where the boat ramp is located. Also, shuttle drivers must drive across the bridge to the boat ramp - farther than Tiscornia."
elkhorn-sac,Elkhorn Boat Launch - Sacramento County,sacramento-river,38.6726204493305,-121.624851837259,38.6732796721736,-121.624968986246,Free,"Elkhorn Regional Park / boating facility, Garden Highway side.",short walk to the ramp,"Boat launch, restrooms",Open river — powerboats; no lifeguard.,Sacramento River.
elkhorn-yolo,Elkhorn Boat Launch - Yolo County,sacramento-river,38.6613909415562,-121.611212932512,38.6609052010456,-121.611257921064,Free,"Elkhorn Regional Park / boating facility, West Sacramento side. Approximate — refine as needed.",short walk to the ramp,"Boat launch, restrooms",Open river — powerboats; no lifeguard.,Sacramento River.
verona-sac,Verona (Sacramento River),sacramento-river,38.784013592667,-121.61785112258,38.7844799735124,-121.617445003893,"$20 per launch, $10 per additional vehicle (take out?)","Verona area river access, just below the Feather confluence. Tribal owned, check website for access and fees.",short walk to the bank,Bank / small-boat access,Confluence area — currents; limited facilities.,Sacramento River at Verona (Feather comes in just upstream).
knights-landing,Knights Landing Boat Launch,sacramento-river,38.8012685035896,-121.723469259592,38.8018965453151,-121.72352932545,$12 per day,"Knights Landing boat launch (Yolo County), Knights Landing.",short walk to the ramp,"Boat ramp, restrooms",Rural launch — powerboats; check river stage.,Sacramento River — upstream end of this stretch.
beer-can-beach,Beer Can Beach,feather-river,38.8834685493566,-121.613901256852,38.8827899057333,-121.611215130471,Free,Park off Garden Highway on side dirt area near gate.,1200 ft. across trail to access beach fishing area. Long portage.,nothing,Long portage.,"Lots of trash on beach, trail and in parking area."
star-bend,Star Bend Boat Launch,feather-river,39.0100082957683,-121.581198303315,39.0107046492148,-121.582415957406,Free,"Feather River access Feather River Blvd, Sutter County.",short walk to the ramp,Boat launch,Rural launch — powerboats.,Feather River
karnak,Karnak (Advanced),sacramento-river,38.7837004221065,-121.654563981218,38.7834057668833,-121.656182397167,Free,Park on gravel road near industrial buildings on dry side of levees. Walk over to water and put in. A Sutter County option for something between Knights Landing and the Confluence.,"Walk over levees to water and down to waterline. Steep with rip rap rocks, slippery.",nothing,"Slippery, rocks line take out. Water is calm there, though. Property access is ambiguus, water district staff leave me alone when they see I am just boating.",
verona-feather,Verona (Feather River),feather-river,38.784013592667,-121.61785112258,38.7844799735124,-121.617445003893,"$20 per launch, $10 per additional vehicle (take out?)","Verona area river access, at the Feather–Sacramento confluence. Tribal owned, check website for access and fees.",short walk to the bank,Bank / small-boat access,Confluence area — currents; limited facilities.,"Feather River at Verona — same spot as verona-sac (Sacramento), listed on both routes so it's an option for either."
